date,close,Open,High,Low
5/7/2024,5187.7,5187.2,5200.23,5178.96
5/6/2024,5180.74,5142.42,5181,5142.42
5/3/2024,5127.79,5122.78,5139.12,5101.22
5/2/2024,5064.2,5049.32,5073.21,5011.05
5/1/2024,5018.39,5029.03,5096.12,5013.45
4/30/2024,5035.69,5103.78,5110.83,5035.31
4/29/2024,5116.17,5114.13,5123.49,5088.65
4/26/2024,5099.96,5084.65,5114.62,5073.14
4/25/2024,5048.42,5019.88,5057.75,4990.58
4/24/2024,5071.63,5084.86,5089.48,5047.02
4/23/2024,5070.55,5028.85,5076.12,5027.96
4/22/2024,5010.6,4987.33,5038.84,4969.4
4/19/2024,4967.23,5005.44,5019.02,4953.56
4/18/2024,5011.12,5031.52,5056.66,5001.89
4/17/2024,5022.21,5068.97,5077.96,5007.25
4/16/2024,5051.41,5064.59,5079.84,5039.83
4/15/2024,5061.82,5149.67,5168.43,5052.47
4/12/2024,5123.41,5171.51,5175.03,5107.94
4/11/2024,5199.06,5172.95,5211.78,5138.77
4/10/2024,5160.64,5167.88,5178.43,5138.7
4/9/2024,5209.91,5217.03,5224.81,5160.78
4/8/2024,5202.39,5211.37,5219.57,5197.35
4/5/2024,5204.34,5158.95,5222.18,5157.21
4/4/2024,5147.21,5244.05,5256.59,5146.06
4/3/2024,5211.49,5194.37,5228.75,5194.37
4/2/2024,5205.81,5204.29,5208.34,5184.05
4/1/2024,5243.77,5257.97,5263.95,5229.2
3/28/2024,5254.35,5248.03,5264.85,5245.82
3/27/2024,5248.49,5226.31,5249.26,5213.92
3/26/2024,5203.58,5228.85,5235.16,5203.42
3/25/2024,5218.19,5219.52,5229.09,5216.09
3/22/2024,5234.18,5242.48,5246.09,5229.87
3/21/2024,5241.53,5253.43,5261.1,5240.66
3/20/2024,5224.62,5181.69,5226.19,5171.55
3/19/2024,5178.51,5139.09,5180.31,5131.59
3/18/2024,5149.42,5154.77,5175.6,5145.47
3/15/2024,5117.09,5123.31,5136.86,5104.35
3/14/2024,5150.48,5175.14,5176.85,5123.3
3/13/2024,5165.31,5173.49,5179.14,5151.88
3/12/2024,5175.27,5134.3,5179.87,5114.48
3/11/2024,5117.94,5111.96,5124.66,5091.14
3/8/2024,5123.69,5164.46,5189.26,5117.5
3/7/2024,5157.36,5132.38,5165.62,5128.21
3/6/2024,5104.76,5108.03,5127.97,5092.22
3/5/2024,5078.65,5110.52,5114.54,5056.82
3/4/2024,5130.95,5130.99,5149.67,5127.18
3/1/2024,5137.08,5098.51,5140.33,5094.16
2/29/2024,5096.27,5085.36,5104.99,5061.89
2/28/2024,5069.76,5067.2,5077.37,5058.35
2/27/2024,5078.18,5074.6,5080.69,5057.29
2/26/2024,5069.53,5093,5097.66,5068.91
2/23/2024,5088.8,5100.92,5111.06,5081.46
2/22/2024,5087.03,5038.83,5094.39,5038.83
2/21/2024,4981.8,4963.03,4983.21,4946
2/20/2024,4975.51,4989.32,4993.71,4955.02
2/16/2024,5005.57,5031.13,5038.7,4999.52
2/15/2024,5029.73,5003.14,5032.72,4999.44
2/14/2024,5000.62,4976.44,5002.52,4956.45
2/13/2024,4953.17,4967.94,4971.3,4920.31
2/12/2024,5021.84,5026.83,5048.39,5016.83
2/9/2024,5026.61,5004.17,5030.06,5000.34
2/8/2024,4997.91,4995.16,5000.4,4987.09
2/7/2024,4995.06,4973.05,4999.89,4969.05
2/6/2024,4954.23,4950.16,4957.77,4934.88
2/5/2024,4942.81,4957.19,4957.19,4918.09
2/2/2024,4958.61,4916.06,4975.29,4907.99
2/1/2024,4906.19,4861.11,4906.97,4853.52
1/31/2024,4845.65,4899.19,4906.75,4845.15
1/30/2024,4924.97,4925.89,4931.09,4916.27
1/29/2024,4927.93,4892.95,4929.31,4887.4
1/26/2024,4890.97,4888.91,4906.69,4881.47
1/25/2024,4894.16,4886.66,4898.15,4869.34
1/24/2024,4868.55,4888.56,4903.68,4865.94
1/23/2024,4864.6,4856.8,4866.48,4844.37
1/22/2024,4850.43,4853.42,4868.41,4844.05
1/19/2024,4839.81,4796.28,4842.07,4785.87
1/18/2024,4780.94,4760.1,4785.79,4740.57
1/17/2024,4739.21,4739.13,4744.23,4714.82
1/16/2024,4765.98,4772.35,4782.34,4747.12
1/12/2024,4783.83,4791.18,4802.4,4768.98
1/11/2024,4780.24,4792.13,4798.5,4739.58
1/10/2024,4783.45,4759.94,4790.8,4756.2
1/9/2024,4756.5,4741.93,4765.47,4730.35
1/8/2024,4763.54,4703.7,4764.54,4699.82
1/5/2024,4697.24,4690.57,4721.49,4682.11
1/4/2024,4688.68,4697.42,4726.78,4687.53
1/3/2024,4704.81,4725.07,4729.29,4699.71
1/2/2024,4742.83,4745.2,4754.33,4722.67
12/29/2023,4769.83,4782.88,4788.43,4751.99
12/28/2023,4783.35,4786.44,4793.3,4780.98
12/27/2023,4781.58,4773.45,4785.39,4768.9
12/26/2023,4774.75,4758.86,4784.72,4758.45
12/22/2023,4754.63,4753.92,4772.94,4736.77
12/21/2023,4746.75,4724.29,4748.71,4708.35
12/20/2023,4698.35,4764.73,4778.01,4697.82
12/19/2023,4768.37,4743.72,4768.69,4743.72
12/18/2023,4740.56,4725.58,4749.52,4725.58
12/15/2023,4719.19,4714.23,4725.53,4704.69
12/14/2023,4719.55,4721.04,4738.57,4694.34
12/13/2023,4707.09,4646.2,4709.69,4643.23
12/12/2023,4643.7,4618.3,4643.93,4608.09
12/11/2023,4622.44,4593.39,4623.71,4593.39
12/8/2023,4604.37,4576.2,4609.23,4574.06
12/7/2023,4585.59,4568.84,4590.92,4565.22
12/6/2023,4549.34,4586.23,4590.74,4546.5
12/5/2023,4567.18,4557.25,4578.56,4551.68
12/4/2023,4569.78,4564.37,4572.37,4546.72
12/1/2023,4594.63,4559.43,4599.39,4554.71
11/30/2023,4567.8,4554.87,4569.89,4537.24
11/29/2023,4550.58,4571.84,4587.64,4547.15
11/28/2023,4554.89,4545.55,4568.14,4540.51
11/27/2023,4550.43,4554.86,4560.52,4546.32
11/24/2023,4559.34,4555.84,4560.31,4552.8
11/22/2023,4556.62,4553.04,4568.43,4545.05
11/21/2023,4538.19,4538.77,4542.14,4525.51
11/20/2023,4547.38,4511.7,4557.11,4510.36
11/17/2023,4514.02,4509.55,4520.12,4499.66
11/16/2023,4508.24,4497.08,4511.99,4487.83
11/15/2023,4502.88,4505.3,4521.17,4495.31
11/14/2023,4495.7,4458.97,4508.67,4458.97
11/13/2023,4411.55,4406.66,4421.76,4393.82
11/10/2023,4415.24,4364.15,4418.03,4353.34
11/9/2023,4347.35,4391.41,4393.4,4343.94
11/8/2023,4382.78,4384.37,4391.2,4359.76
11/7/2023,4378.38,4366.21,4386.26,4355.41
11/6/2023,4365.98,4364.27,4372.21,4347.53
11/3/2023,4358.34,4334.23,4373.62,4334.23
11/2/2023,4317.78,4268.26,4319.72,4268.26
11/1/2023,4237.86,4201.27,4245.64,4197.74
10/31/2023,4193.8,4171.33,4195.55,4153.12
10/30/2023,4166.82,4139.39,4177.47,4132.94
10/27/2023,4117.37,4152.93,4156.7,4103.78
10/26/2023,4137.23,4175.99,4183.6,4127.9
10/25/2023,4186.77,4232.42,4232.42,4181.42
10/24/2023,4247.68,4235.79,4259.38,4219.43
10/23/2023,4217.04,4210.4,4255.84,4189.22
10/20/2023,4224.16,4273.85,4276.56,4223.03
10/19/2023,4278,4321.36,4339.54,4269.69
10/18/2023,4314.6,4357.35,4364.2,4303.84
10/17/2023,4373.2,4345.23,4393.57,4337.54
10/16/2023,4373.63,4342.37,4383.33,4342.37
10/13/2023,4327.78,4360.49,4377.1,4311.97
10/12/2023,4349.61,4380.94,4385.85,4325.43
10/11/2023,4376.95,4366.59,4378.64,4345.34
10/10/2023,4358.24,4339.75,4385.46,4339.64
10/9/2023,4335.66,4289.02,4341.73,4283.79
10/6/2023,4308.5,4234.79,4324.1,4219.55
10/5/2023,4258.19,4259.31,4267.13,4225.91
10/4/2023,4263.75,4233.83,4268.5,4220.48
10/3/2023,4229.45,4269.75,4281.15,4216.45
10/2/2023,4288.39,4284.52,4300.58,4260.21
9/29/2023,4288.05,4328.18,4333.15,4274.86
9/28/2023,4299.7,4269.65,4317.27,4264.38
9/27/2023,4274.51,4282.63,4292.07,4238.63
9/26/2023,4273.53,4312.88,4313.01,4265.98
9/25/2023,4337.44,4310.62,4338.51,4302.7
9/22/2023,4320.06,4341.74,4357.4,4316.49
9/21/2023,4330,4374.36,4375.7,4329.17
9/20/2023,4402.2,4452.81,4461.03,4401.38
9/19/2023,4443.95,4445.41,4449.85,4416.61
9/18/2023,4453.53,4445.13,4466.36,4442.11
9/15/2023,4450.32,4497.98,4497.98,4447.21
9/14/2023,4505.1,4487.78,4511.99,4478.69
9/13/2023,4467.44,4462.65,4479.39,4453.52
9/12/2023,4461.9,4473.27,4487.11,4456.83
9/11/2023,4487.46,4480.98,4490.77,4467.89
9/8/2023,4457.49,4451.3,4473.53,4448.38
9/7/2023,4451.14,4434.55,4457.81,4430.46
9/6/2023,4465.48,4490.35,4490.35,4442.38
9/5/2023,4496.83,4510.06,4514.29,4496.01
9/1/2023,4515.77,4530.6,4541.25,4501.35
8/31/2023,4507.66,4517.01,4532.26,4507.39
8/30/2023,4514.87,4500.34,4521.65,4493.59
8/29/2023,4497.63,4432.75,4500.14,4431.68
8/28/2023,4433.31,4426.03,4439.56,4414.98
8/25/2023,4405.71,4389.38,4418.46,4356.29
8/24/2023,4376.31,4455.16,4458.3,4375.55
8/23/2023,4436.01,4396.44,4443.18,4396.44
8/22/2023,4387.55,4415.33,4418.59,4382.77
8/21/2023,4399.77,4380.28,4407.55,4360.3
8/18/2023,4369.71,4344.88,4381.82,4335.31
8/17/2023,4370.36,4416.32,4421.17,4364.83
8/16/2023,4404.33,4433.79,4449.95,4403.55
8/15/2023,4437.86,4478.87,4478.87,4432.19
8/14/2023,4489.72,4458.13,4490.33,4453.44
8/11/2023,4464.05,4450.69,4476.23,4443.98
8/10/2023,4468.83,4487.16,4527.37,4457.92
8/9/2023,4467.71,4501.57,4502.44,4461.33
8/8/2023,4499.38,4498.03,4503.31,4464.39
8/7/2023,4518.44,4491.58,4519.84,4491.15
8/4/2023,4478.03,4513.96,4540.34,4474.55
8/3/2023,4501.89,4494.27,4519.49,4485.54
8/2/2023,4513.39,4550.93,4550.93,4505.75
8/1/2023,4576.73,4578.83,4584.62,4567.53
7/31/2023,4588.96,4584.82,4594.22,4573.14
7/28/2023,4582.23,4565.75,4590.16,4564.01
7/27/2023,4537.41,4598.26,4607.07,4528.56
7/26/2023,4566.75,4558.96,4582.47,4547.58
7/25/2023,4567.46,4555.19,4580.62,4552.42
7/24/2023,4554.64,4543.39,4563.41,4541.29
7/21/2023,4536.34,4550.16,4555,4535.79
7/20/2023,4534.87,4554.38,4564.74,4527.56
7/19/2023,4565.72,4563.87,4578.43,4557.48
7/18/2023,4554.98,4521.78,4562.3,4514.59
7/17/2023,4522.79,4508.86,4532.85,4504.9
7/14/2023,4505.42,4514.61,4527.76,4499.56
7/13/2023,4510.04,4491.5,4517.38,4489.36
7/12/2023,4472.16,4467.69,4488.34,4463.23
7/11/2023,4439.26,4415.55,4443.64,4408.46
7/10/2023,4409.53,4394.23,4412.6,4389.92
7/7/2023,4398.95,4404.54,4440.39,4397.4
7/6/2023,4411.59,4422.62,4422.62,4385.05
7/5/2023,4446.82,4442.04,4454.06,4436.61
7/3/2023,4455.59,4450.48,4456.46,4442.29
6/30/2023,4450.38,4422.44,4458.48,4422.44
6/29/2023,4396.44,4374.94,4398.39,4371.97
6/28/2023,4376.86,4367.48,4390.35,4360.22
6/27/2023,4378.41,4337.36,4384.42,4335
6/26/2023,4328.82,4344.84,4362.06,4328.08
6/23/2023,4348.33,4354.17,4366.55,4341.34
6/22/2023,4381.89,4355.4,4382.25,4351.82
6/21/2023,4365.69,4380.01,4386.22,4360.14
6/20/2023,4388.71,4396.11,4400.15,4367.19
6/16/2023,4409.59,4440.95,4448.47,4407.44
6/15/2023,4425.84,4365.33,4439.2,4362.6
6/14/2023,4372.59,4366.29,4391.82,4337.85
6/13/2023,4369.01,4352.61,4375.37,4349.31
6/12/2023,4338.93,4308.32,4340.13,4304.37
6/9/2023,4298.86,4304.88,4322.62,4291.7
6/8/2023,4293.93,4268.69,4298.01,4261.07
6/7/2023,4267.52,4285.47,4299.19,4263.96
6/6/2023,4283.85,4271.34,4288.33,4263.09
6/5/2023,4273.79,4282.99,4299.28,4266.82
6/2/2023,4282.37,4241.01,4290.67,4241.01
6/1/2023,4221.02,4183.03,4232.43,4171.64
5/31/2023,4179.83,4190.74,4195.44,4166.15
5/30/2023,4205.52,4226.71,4231.1,4192.18
5/26/2023,4205.45,4156.16,4212.87,4156.16
5/25/2023,4151.28,4155.71,4165.74,4129.73
5/24/2023,4115.24,4132.96,4132.96,4103.98
5/23/2023,4145.58,4176.8,4185.68,4142.54
5/22/2023,4192.63,4190.78,4209.22,4179.68
5/19/2023,4191.98,4204.15,4212.91,4180.2
5/18/2023,4198.05,4157.68,4202.2,4153.5
5/17/2023,4158.77,4122.85,4164.67,4113.62
5/16/2023,4109.9,4127.95,4135.54,4109.86
5/15/2023,4136.28,4126.65,4141.25,4110.27
5/12/2023,4124.08,4138.54,4143.74,4099.12
5/11/2023,4130.62,4132.24,4132.8,4109.29
5/10/2023,4137.64,4143.74,4154.28,4098.92
5/9/2023,4119.17,4124.25,4130.35,4116.65
5/8/2023,4138.12,4136.98,4142.3,4123.81
5/5/2023,4136.25,4084.73,4147.02,4084.73
5/4/2023,4061.22,4082.55,4082.61,4048.28
5/3/2023,4090.75,4122.25,4148.3,4088.86
5/2/2023,4119.58,4164.1,4164.1,4089.72
5/1/2023,4167.87,4166.79,4186.92,4164.12
4/28/2023,4169.48,4129.63,4170.06,4127.18
4/27/2023,4135.35,4075.29,4138.24,4075.29
4/26/2023,4055.99,4087.78,4089.67,4049.35
4/25/2023,4071.63,4126.43,4126.43,4071.38
4/24/2023,4137.04,4132.07,4142.41,4117.77
4/21/2023,4133.52,4132.14,4138.02,4113.86
4/20/2023,4129.79,4130.48,4148.57,4114.57
4/19/2023,4154.52,4139.33,4162.57,4134.49
4/18/2023,4154.87,4164.26,4169.48,4140.36
4/17/2023,4151.32,4137.17,4151.72,4123.18
4/14/2023,4137.64,4140.11,4163.19,4113.2
4/13/2023,4146.22,4100.04,4150.26,4099.4
4/12/2023,4091.95,4121.72,4134.37,4086.94
4/11/2023,4108.94,4110.29,4124.26,4102.61
4/10/2023,4109.11,4085.2,4109.5,4072.55
4/6/2023,4105.02,4081.15,4107.32,4069.84
4/5/2023,4090.38,4094.5,4099.69,4072.56
4/4/2023,4100.6,4128.03,4133.13,4086.87
4/3/2023,4124.51,4102.2,4127.66,4098.79
3/31/2023,4109.31,4056.18,4110.75,4056.18
3/30/2023,4050.83,4046.74,4057.85,4032.1
3/29/2023,4027.81,3999.53,4030.59,3999.53
3/28/2023,3971.27,3974.13,3979.2,3951.53
3/27/2023,3977.53,3982.93,4003.83,3970.49
3/24/2023,3970.99,3939.21,3972.74,3909.16
3/23/2023,3948.72,3959.21,4007.66,3919.05
3/22/2023,3936.97,4002.04,4039.49,3936.17
3/21/2023,4002.87,3975.89,4009.08,3971.19
3/20/2023,3951.57,3917.47,3956.62,3916.89
3/17/2023,3916.64,3958.69,3958.91,3901.27
3/16/2023,3960.28,3878.93,3964.46,3864.11
3/15/2023,3891.93,3876.74,3894.26,3838.24
3/14/2023,3919.29,3894.01,3937.29,3873.63
3/13/2023,3855.76,3835.12,3905.05,3808.86
3/10/2023,3861.59,3912.77,3934.05,3846.32
3/9/2023,3918.32,3998.66,4017.81,3908.7
3/8/2023,3992.01,3987.55,4000.41,3969.76
3/7/2023,3986.37,4048.26,4050,3980.31
3/6/2023,4048.42,4055.15,4078.49,4044.61
3/3/2023,4045.64,3998.02,4048.29,3995.17
3/2/2023,3981.35,3938.68,3990.84,3928.16
3/1/2023,3951.39,3963.34,3971.73,3939.05
2/28/2023,3970.15,3977.19,3997.5,3968.98
2/27/2023,3982.24,3992.36,4018.05,3973.55
2/24/2023,3970.04,3973.24,3978.25,3943.08
2/23/2023,4012.32,4018.6,4028.3,3969.19
2/22/2023,3991.05,4001.83,4017.37,3976.9
2/21/2023,3997.34,4052.35,4052.35,3995.19
2/17/2023,4079.09,4077.39,4081.51,4047.95
2/16/2023,4090.41,4114.75,4136.54,4089.49
2/15/2023,4147.6,4119.5,4148.11,4103.98
2/14/2023,4136.13,4126.7,4159.77,4095.01
2/13/2023,4137.29,4096.62,4138.9,4092.67
2/10/2023,4090.46,4068.92,4094.36,4060.79
2/9/2023,4081.5,4144.25,4156.23,4069.67
2/8/2023,4117.86,4153.47,4156.85,4111.67
2/7/2023,4164,4105.35,4176.54,4088.39
2/6/2023,4111.08,4119.57,4124.63,4093.38
2/3/2023,4136.48,4136.69,4182.36,4123.36
2/2/2023,4179.76,4158.68,4195.44,4141.88
2/1/2023,4119.21,4070.07,4148.95,4037.2
1/31/2023,4076.6,4020.85,4077.16,4020.44
1/30/2023,4017.77,4049.27,4063.85,4015.55
1/27/2023,4070.56,4053.72,4094.21,4048.7
1/26/2023,4060.43,4036.08,4061.57,4013.29
1/25/2023,4016.22,3982.71,4019.55,3949.06
1/24/2023,4016.95,4001.74,4023.92,3989.79
1/23/2023,4019.81,3978.14,4039.31,3971.64
1/20/2023,3972.61,3909.04,3972.96,3897.86
1/19/2023,3898.85,3911.84,3922.94,3885.54
1/18/2023,3928.86,4002.25,4014.16,3926.59
1/17/2023,3990.97,3999.28,4015.39,3984.57
1/13/2023,3999.09,3960.6,4003.95,3947.67
1/12/2023,3983.17,3977.57,3997.76,3937.56
1/11/2023,3969.61,3932.35,3970.07,3928.54
1/10/2023,3919.25,3888.57,3919.83,3877.29
1/9/2023,3892.09,3910.82,3950.57,3890.42
1/6/2023,3895.08,3823.37,3906.19,3809.56
1/5/2023,3808.1,3839.74,3839.74,3802.42
1/4/2023,3852.97,3840.36,3873.16,3815.77
1/3/2023,3824.14,3853.29,3878.46,3794.33
12/30/2022,3839.5,3829.06,3839.85,3800.34
12/29/2022,3849.28,3805.45,3858.19,3805.45
12/28/2022,3783.22,3829.56,3848.32,3780.78
12/27/2022,3829.25,3843.34,3846.65,3813.22
12/23/2022,3844.82,3815.11,3845.8,3797.01
12/22/2022,3822.39,3853.26,3853.26,3764.49
12/21/2022,3878.44,3839.49,3889.82,3839.49
12/20/2022,3821.62,3810.47,3838.24,3795.62
12/19/2022,3817.66,3853.79,3854.86,3800.04
12/16/2022,3852.36,3890.91,3890.91,3827.91
12/15/2022,3895.75,3958.37,3958.37,3879.45
12/14/2022,3995.32,4015.54,4053.76,3965.65
12/13/2022,4019.65,4069.38,4100.96,3993.03
12/12/2022,3990.56,3939.29,3990.71,3935.3
12/9/2022,3934.38,3954.17,3977.02,3933.04
12/8/2022,3963.51,3947.79,3974.19,3935.83
12/7/2022,3933.92,3933.28,3957.57,3922.68
12/6/2022,3941.26,3996.63,4001.51,3918.39
12/5/2022,3998.84,4052.02,4052.45,3984.49
12/2/2022,4071.7,4040.17,4080.48,4026.63
12/1/2022,4076.57,4087.14,4100.51,4050.87
11/30/2022,4080.11,3957.18,4080.11,3938.58
11/29/2022,3957.63,3964.19,3976.77,3937.65
11/28/2022,3963.94,4005.36,4012.27,3955.77
11/25/2022,4026.12,4023.34,4034.02,4020.76
11/23/2022,4027.26,4000.3,4033.78,3998.66
11/22/2022,4003.58,3965.51,4005.88,3956.88
11/21/2022,3949.94,3956.23,3962,3933.34
11/18/2022,3965.34,3966.39,3979.89,3935.98
11/17/2022,3946.56,3919.26,3954.33,3906.54
11/16/2022,3958.79,3976.82,3983.09,3954.34
11/15/2022,3991.73,4006.41,4028.84,3953.17
11/14/2022,3957.25,3977.97,4008.97,3956.4
11/11/2022,3992.93,3963.72,4001.48,3944.82
11/10/2022,3956.37,3859.89,3958.33,3859.89
11/9/2022,3748.57,3810.94,3818.2,3744.22
11/8/2022,3828.11,3817.02,3859.4,3786.28
11/7/2022,3806.8,3780.71,3813.95,3764.7
11/4/2022,3770.55,3766.98,3796.34,3708.84
11/3/2022,3719.89,3733.25,3750.59,3698.15
11/2/2022,3759.69,3852.9,3894.44,3758.68
11/1/2022,3856.1,3901.79,3911.79,3843.8
10/31/2022,3871.98,3881.85,3893.73,3863.18
10/28/2022,3901.06,3808.26,3905.42,3808.26
10/27/2022,3807.3,3834.69,3859.95,3803.79
10/26/2022,3830.6,3825.97,3886.15,3824.07
10/25/2022,3859.11,3799.44,3862.85,3799.44
10/24/2022,3797.34,3762.01,3810.74,3741.65
10/21/2022,3752.75,3657.1,3757.89,3647.42
10/20/2022,3665.78,3689.05,3736,3656.44
10/19/2022,3695.16,3703.11,3728.58,3666.51
10/18/2022,3719.98,3746.26,3762.79,3686.53
10/17/2022,3677.95,3638.65,3689.73,3638.65
10/14/2022,3583.07,3690.41,3712,3579.68
10/13/2022,3669.91,3520.37,3685.41,3491.58
10/12/2022,3577.03,3590.83,3608.34,3573.86
10/11/2022,3588.84,3595.86,3640.66,3568.45
10/10/2022,3612.39,3647.51,3652.17,3588.1
10/7/2022,3639.66,3706.74,3706.74,3620.73
10/6/2022,3744.52,3771.97,3797.93,3739.22
10/5/2022,3783.28,3753.25,3806.91,3722.66
10/4/2022,3790.93,3726.46,3791.92,3726.46
10/3/2022,3678.43,3609.78,3698.35,3604.93
9/30/2022,3585.62,3633.48,3671.44,3584.13
9/29/2022,3640.47,3687.01,3687.01,3610.4
9/28/2022,3719.04,3651.94,3736.74,3640.61
9/27/2022,3647.29,3686.44,3717.53,3623.29
9/26/2022,3655.04,3682.72,3715.67,3644.76
9/23/2022,3693.23,3727.14,3727.14,3647.47
9/22/2022,3757.99,3782.36,3790.9,3749.45
9/21/2022,3789.93,3871.4,3907.07,3789.49
9/20/2022,3855.93,3875.23,3876.01,3827.54
9/19/2022,3899.89,3849.91,3900.45,3838.5
9/16/2022,3873.33,3880.95,3880.95,3837.08
9/15/2022,3901.35,3932.41,3959.14,3888.28
9/14/2022,3946.01,3940.73,3961.94,3912.18
9/13/2022,3932.69,4037.12,4037.12,3921.28
9/12/2022,4110.41,4083.67,4119.28,4083.67
9/9/2022,4067.36,4022.94,4076.81,4022.94
9/8/2022,4006.18,3959.94,4010.5,3944.81
9/7/2022,3979.87,3909.43,3987.89,3906.03
9/6/2022,3908.19,3930.89,3942.55,3886.75
9/2/2022,3924.26,3994.66,4018.43,3906.21
9/1/2022,3966.85,3936.73,3970.23,3903.65
8/31/2022,3955,4000.67,4015.37,3954.53
8/30/2022,3986.16,4041.25,4044.98,3965.21
8/29/2022,4030.61,4034.58,4062.99,4017.42
8/26/2022,4057.66,4198.74,4203.04,4057.66
8/25/2022,4199.12,4153.26,4200.54,4147.59
8/24/2022,4140.77,4126.55,4156.56,4119.97
8/23/2022,4128.73,4133.09,4159.77,4124.03
8/22/2022,4137.99,4195.08,4195.08,4129.86
8/19/2022,4228.48,4266.31,4266.31,4218.7
8/18/2022,4283.74,4273.13,4292.53,4261.98
8/17/2022,4274.04,4280.4,4302.18,4253.08
8/16/2022,4305.2,4290.46,4325.28,4277.77
8/15/2022,4297.14,4269.37,4301.79,4256.9
8/12/2022,4280.15,4225.02,4280.47,4219.78
8/11/2022,4207.27,4227.4,4257.91,4201.41
8/10/2022,4210.24,4181.02,4211.03,4177.26
8/9/2022,4122.47,4133.11,4137.3,4112.09
8/8/2022,4140.06,4155.93,4186.62,4128.97
8/5/2022,4145.19,4115.87,4151.58,4107.31
8/4/2022,4151.94,4154.85,4161.29,4135.42
8/3/2022,4155.17,4107.96,4167.66,4107.96
8/2/2022,4091.19,4104.21,4140.47,4079.81
8/1/2022,4118.63,4112.38,4144.95,4096.02
7/29/2022,4130.29,4087.33,4140.15,4079.22
7/28/2022,4072.43,4026.13,4078.95,3992.97
7/27/2022,4023.61,3951.43,4039.56,3951.43
7/26/2022,3921.05,3953.22,3953.22,3910.74
7/25/2022,3966.84,3965.72,3975.3,3943.46
7/22/2022,3961.63,3998.43,4012.44,3938.86
7/21/2022,3998.95,3955.47,3999.29,3927.64
7/20/2022,3959.9,3935.32,3974.13,3922.03
7/19/2022,3936.69,3860.73,3939.81,3860.73
7/18/2022,3830.85,3883.79,3902.44,3818.63
7/15/2022,3863.16,3818,3863.62,3817.18
7/14/2022,3790.38,3763.99,3796.41,3721.56
7/13/2022,3801.78,3779.67,3829.44,3759.07
7/12/2022,3818.8,3851.95,3873.41,3802.36
7/11/2022,3854.43,3880.94,3880.94,3847.22
7/8/2022,3899.38,3888.26,3918.5,3869.34
7/7/2022,3902.62,3858.85,3910.63,3858.85
7/6/2022,3845.08,3831.98,3870.91,3809.37
7/5/2022,3831.39,3792.61,3832.19,3742.06
7/1/2022,3825.33,3781,3829.82,3752.1
6/30/2022,3785.38,3785.99,3818.99,3738.67
6/29/2022,3818.83,3825.09,3836.5,3799.02
6/28/2022,3821.55,3913,3945.86,3820.14
6/27/2022,3900.11,3920.76,3927.72,3889.66
6/24/2022,3911.74,3821.75,3913.65,3821.75
6/23/2022,3795.73,3774.71,3802.58,3743.52
6/22/2022,3759.89,3733.89,3801.79,3717.69
6/21/2022,3764.79,3715.31,3779.65,3715.31
6/17/2022,3674.84,3665.9,3707.71,3636.87
6/16/2022,3666.77,3728.18,3728.18,3639.77
6/15/2022,3789.99,3764.05,3837.56,3722.3
6/14/2022,3735.48,3763.52,3778.18,3705.68
6/13/2022,3749.63,3838.15,3838.15,3734.3
6/10/2022,3900.86,3974.39,3974.39,3900.16
6/9/2022,4017.82,4101.65,4119.1,4017.17
6/8/2022,4115.77,4147.12,4160.14,4107.2
6/7/2022,4160.68,4096.47,4164.86,4080.19
6/6/2022,4121.43,4134.72,4168.78,4109.18
6/3/2022,4108.54,4137.57,4142.67,4098.67
6/2/2022,4176.82,4095.41,4177.51,4074.37
6/1/2022,4101.23,4149.78,4166.54,4073.85
5/31/2022,4132.15,4151.09,4168.34,4104.88
5/27/2022,4158.24,4077.43,4158.49,4077.43
5/26/2022,4057.84,3984.6,4075.14,3984.6
5/25/2022,3978.73,3929.59,3999.33,3925.03
5/24/2022,3941.48,3942.94,3955.68,3875.13
5/23/2022,3973.75,3927.02,3981.88,3909.04
5/20/2022,3901.36,3927.76,3943.42,3810.32
5/19/2022,3900.79,3899,3945.96,3876.58
5/18/2022,3923.68,4051.98,4051.98,3911.91
5/17/2022,4088.85,4052,4090.72,4033.93
5/16/2022,4008.01,4013.02,4046.46,3983.99
5/13/2022,4023.89,3963.9,4038.88,3963.9
5/12/2022,3930.08,3903.95,3964.8,3858.87
5/11/2022,3935.18,3990.08,4049.09,3928.82
5/10/2022,4001.05,4035.18,4068.82,3958.17
5/9/2022,3991.24,4081.27,4081.27,3975.48
5/6/2022,4123.34,4128.17,4157.69,4067.91
5/5/2022,4146.87,4270.43,4270.43,4106.01
5/4/2022,4300.17,4181.18,4307.66,4148.91
5/3/2022,4175.48,4159.78,4200.1,4147.08
5/2/2022,4155.38,4130.61,4169.81,4062.51
4/29/2022,4131.93,4253.75,4269.68,4124.28
4/28/2022,4287.5,4222.58,4308.45,4188.63
4/27/2022,4183.96,4186.52,4240.71,4162.9
4/26/2022,4175.2,4278.14,4278.14,4175.04
4/25/2022,4296.12,4255.34,4299.02,4200.82
4/22/2022,4271.78,4385.83,4385.83,4267.62
4/21/2022,4393.66,4489.17,4512.94,4384.47
4/20/2022,4459.45,4472.26,4488.29,4448.76
4/19/2022,4462.21,4390.63,4471.03,4390.63
4/18/2022,4391.69,4385.63,4410.31,4370.3
4/14/2022,4392.59,4449.12,4460.46,4390.77
4/13/2022,4446.59,4394.3,4453.92,4392.7
4/12/2022,4397.45,4437.59,4471,4381.34
4/11/2022,4412.53,4462.64,4464.35,4408.38
4/8/2022,4488.28,4494.15,4520.41,4474.6
4/7/2022,4500.21,4474.65,4521.16,4450.3
4/6/2022,4481.15,4494.17,4503.94,4450.04
4/5/2022,4525.12,4572.45,4593.45,4514.17
4/4/2022,4582.64,4547.97,4583.5,4539.21
4/1/2022,4545.86,4540.32,4548.7,4507.57
3/31/2022,4530.41,4599.02,4603.07,4530.41
3/30/2022,4602.45,4624.2,4627.77,4581.32
3/29/2022,4631.6,4602.86,4637.3,4589.66
3/28/2022,4575.52,4541.09,4575.65,4517.69
3/25/2022,4543.06,4522.91,4546.03,4501.07
3/24/2022,4520.16,4469.98,4520.58,4465.17
3/23/2022,4456.24,4493.1,4501.07,4455.81
3/22/2022,4511.61,4469.1,4522,4469.1
3/21/2022,4461.18,4462.4,4481.75,4424.3
3/18/2022,4463.12,4407.34,4465.4,4390.57
3/17/2022,4411.67,4345.11,4412.67,4335.65
3/16/2022,4357.86,4288.14,4358.9,4251.99
3/15/2022,4262.45,4188.82,4271.05,4187.9
3/14/2022,4173.11,4202.75,4247.57,4161.72
3/11/2022,4204.31,4279.5,4291.01,4200.49
3/10/2022,4259.52,4252.55,4268.28,4209.8
3/9/2022,4277.88,4223.1,4299.4,4223.1
3/8/2022,4170.7,4202.66,4276.94,4157.87
3/7/2022,4201.09,4327.01,4327.01,4199.85
3/4/2022,4328.87,4342.12,4342.12,4284.98
3/3/2022,4363.49,4401.31,4416.78,4345.56
3/2/2022,4386.54,4322.56,4401.48,4322.56
3/1/2022,4306.26,4363.14,4378.45,4279.54
2/28/2022,4373.94,4354.17,4388.84,4315.12
2/25/2022,4384.65,4298.38,4385.34,4286.83
2/24/2022,4288.7,4155.77,4294.73,4114.65
2/23/2022,4225.5,4324.93,4341.51,4221.51
2/22/2022,4304.76,4332.74,4362.12,4267.11
2/18/2022,4348.87,4384.57,4394.6,4327.22
2/17/2022,4380.26,4456.06,4456.06,4373.81
2/16/2022,4475.01,4455.75,4489.55,4429.68
2/15/2022,4471.07,4429.28,4472.77,4429.28
2/14/2022,4401.67,4412.61,4426.22,4364.84
2/11/2022,4418.64,4506.27,4526.33,4401.41
2/10/2022,4504.08,4553.24,4588.92,4484.31
2/9/2022,4587.18,4547,4590.03,4547
2/8/2022,4521.54,4480.02,4531.32,4465.4
2/7/2022,4483.87,4505.75,4521.86,4471.47
2/4/2022,4500.53,4482.79,4539.66,4451.5
2/3/2022,4477.44,4535.41,4542.88,4470.39
2/2/2022,4589.38,4566.39,4595.31,4544.32
2/1/2022,4546.54,4519.57,4550.49,4483.53
1/31/2022,4515.55,4431.79,4516.89,4414.02
1/28/2022,4431.85,4336.19,4432.72,4292.46
1/27/2022,4326.51,4380.58,4428.74,4309.5
1/26/2022,4349.93,4408.43,4453.23,4304.8
1/25/2022,4356.45,4366.64,4411.01,4287.11
1/24/2022,4410.13,4356.32,4417.35,4222.62
1/21/2022,4397.94,4471.38,4494.52,4395.34
1/20/2022,4482.73,4547.35,4602.11,4477.95
1/19/2022,4532.76,4588.03,4611.55,4530.2
1/18/2022,4577.11,4632.24,4632.24,4568.7
1/14/2022,4662.85,4637.99,4665.13,4614.75
1/13/2022,4659.03,4733.56,4744.13,4650.29
1/12/2022,4726.35,4728.59,4748.83,4706.71
1/11/2022,4713.07,4669.14,4714.13,4638.27
1/10/2022,4670.29,4655.34,4673.02,4582.24
1/7/2022,4677.03,4697.66,4707.95,4662.74
1/6/2022,4696.05,4693.39,4725.01,4671.26
1/5/2022,4700.58,4787.99,4797.7,4699.44
1/4/2022,4793.54,4804.51,4818.62,4774.27
1/3/2022,4796.56,4778.14,4796.64,4758.17
12/31/2021,4766.18,4775.21,4786.83,4765.75
12/30/2021,4778.73,4794.23,4808.93,4775.33
12/29/2021,4793.06,4788.64,4804.06,4778.08
12/28/2021,4786.35,4795.49,4807.02,4780.04
12/27/2021,4791.19,4733.99,4791.49,4733.99
12/23/2021,4725.79,4703.96,4740.74,4703.96
12/22/2021,4696.56,4650.36,4697.67,4645.53
12/21/2021,4649.23,4594.96,4651.14,4583.16
12/20/2021,4568.02,4587.9,4587.9,4531.1
12/17/2021,4620.64,4652.5,4666.7,4600.22
12/16/2021,4668.67,4719.13,4731.99,4651.89
12/15/2021,4709.85,4636.46,4712.6,4611.22
12/14/2021,4634.09,4642.99,4660.47,4606.52
12/13/2021,4668.97,4710.3,4710.3,4667.6
12/10/2021,4712.02,4687.64,4713.57,4670.24
12/9/2021,4667.45,4691,4695.26,4665.98
12/8/2021,4701.21,4690.86,4705.06,4674.52
12/7/2021,4686.75,4631.97,4694.04,4631.97
12/6/2021,4591.67,4548.37,4612.6,4540.51
12/3/2021,4538.43,4589.49,4608.03,4495.12
12/2/2021,4577.1,4504.73,4595.46,4504.73
12/1/2021,4513.04,4602.82,4652.94,4510.27
11/30/2021,4567,4640.25,4646.02,4560
11/29/2021,4655.27,4628.75,4672.95,4625.26
11/26/2021,4594.62,4664.63,4664.63,4585.43
11/24/2021,4701.46,4675.78,4702.87,4659.89
11/23/2021,4690.7,4678.48,4699.39,4652.66
11/22/2021,4682.94,4712,4743.83,4682.17
11/19/2021,4697.96,4708.44,4717.75,4694.22
11/18/2021,4704.54,4700.72,4708.8,4672.78
11/17/2021,4688.67,4701.5,4701.5,4684.41
11/16/2021,4700.9,4679.42,4714.95,4679.42
11/15/2021,4682.8,4689.3,4697.42,4672.86
11/12/2021,4682.85,4655.24,4688.47,4650.77
11/11/2021,4649.27,4659.39,4664.55,4648.31
11/10/2021,4646.71,4670.26,4684.85,4630.86
11/9/2021,4685.25,4707.25,4708.53,4670.87
11/8/2021,4701.7,4701.48,4714.92,4694.39
11/5/2021,4697.53,4699.26,4718.5,4681.32
11/4/2021,4680.06,4662.93,4683,4662.59
11/3/2021,4660.57,4630.65,4663.46,4621.19
11/2/2021,4630.65,4613.34,4635.15,4613.34
11/1/2021,4613.67,4610.62,4620.34,4595.06
10/29/2021,4605.38,4572.87,4608.08,4567.59
10/28/2021,4596.42,4562.84,4597.55,4562.84
10/27/2021,4551.68,4580.22,4584.57,4551.66
10/26/2021,4574.79,4578.69,4598.53,4569.17
10/25/2021,4566.48,4553.69,4572.62,4537.36
10/22/2021,4544.9,4546.12,4559.67,4524
10/21/2021,4549.78,4532.24,4551.44,4526.89
10/20/2021,4536.19,4524.42,4540.87,4524.4
10/19/2021,4519.63,4497.34,4520.4,4496.41
10/18/2021,4486.46,4463.72,4488.75,4447.47
10/15/2021,4471.37,4447.69,4475.82,4447.69
10/14/2021,4438.26,4386.75,4439.73,4386.75
10/13/2021,4363.8,4358.01,4372.87,4329.92
10/12/2021,4350.65,4368.31,4374.89,4342.09
10/11/2021,4361.19,4385.44,4415.88,4360.59
10/8/2021,4391.34,4406.51,4412.02,4386.22
10/7/2021,4399.76,4383.73,4429.97,4383.73
10/6/2021,4363.55,4319.57,4365.57,4290.49
10/5/2021,4345.72,4309.87,4369.23,4309.87
10/4/2021,4300.46,4348.84,4355.51,4278.94
10/1/2021,4357.04,4317.16,4375.19,4288.52
9/30/2021,4307.54,4370.67,4382.55,4306.24
9/29/2021,4359.46,4362.41,4385.57,4355.08
9/28/2021,4352.63,4419.54,4419.54,4346.33
9/27/2021,4443.11,4442.12,4457.3,4436.19
9/24/2021,4455.48,4438.04,4463.12,4430.27
9/23/2021,4448.98,4406.75,4465.4,4406.75
9/22/2021,4395.64,4367.43,4416.75,4367.43
9/21/2021,4354.19,4374.45,4394.87,4347.96
9/20/2021,4357.73,4402.95,4402.95,4305.91
9/17/2021,4432.99,4469.74,4471.52,4427.76
9/16/2021,4473.75,4477.09,4485.87,4443.8
9/15/2021,4480.7,4447.49,4486.87,4438.37
9/14/2021,4443.05,4479.33,4485.68,4435.46
9/13/2021,4468.73,4474.81,4492.99,4445.7
9/10/2021,4458.58,4506.92,4520.47,4457.66
9/9/2021,4493.28,4513.02,4529.9,4492.07
9/8/2021,4514.07,4518.09,4521.79,4493.95
9/7/2021,4520.03,4535.38,4535.38,4513
9/3/2021,4535.43,4532.42,4541.45,4521.3
9/2/2021,4536.95,4534.48,4545.85,4524.66
9/1/2021,4524.09,4528.8,4537.11,4522.02
8/31/2021,4522.68,4529.75,4531.39,4515.8
8/30/2021,4528.79,4513.76,4537.36,4513.76
8/27/2021,4509.37,4474.1,4513.33,4474.1
8/26/2021,4470,4493.75,4495.9,4468.99
8/25/2021,4496.19,4490.45,4501.71,4485.66
8/24/2021,4486.23,4484.4,4492.81,4482.28
8/23/2021,4479.53,4450.29,4489.88,4450.29
8/20/2021,4441.67,4410.56,4444.35,4406.8
8/19/2021,4405.8,4382.44,4418.61,4367.73
8/18/2021,4400.27,4440.94,4454.32,4397.59
8/17/2021,4448.08,4462.12,4462.12,4417.83
8/16/2021,4479.71,4461.65,4480.26,4437.66
8/13/2021,4468,4464.84,4468.37,4460.82
8/12/2021,4460.83,4446.08,4461.77,4435.96
8/11/2021,4447.7,4442.18,4449.44,4436.42
8/10/2021,4436.75,4435.79,4445.21,4430.03
8/9/2021,4432.35,4437.77,4439.39,4424.74
8/6/2021,4436.52,4429.07,4440.82,4429.07
8/5/2021,4429.1,4408.86,4429.76,4408.86
8/4/2021,4402.66,4415.95,4416.17,4400.23
8/3/2021,4423.15,4392.74,4423.79,4373
8/2/2021,4387.16,4406.86,4422.18,4384.81
7/30/2021,4395.26,4395.12,4412.25,4389.65
7/29/2021,4419.15,4403.59,4429.97,4403.59
7/28/2021,4400.64,4402.95,4415.47,4387.01
7/27/2021,4401.46,4416.38,4416.38,4372.51
7/26/2021,4422.3,4409.58,4422.73,4405.45
7/23/2021,4411.79,4381.2,4415.18,4381.2
7/22/2021,4367.48,4361.27,4369.87,4350.06
7/21/2021,4358.69,4331.13,4359.7,4331.13
7/20/2021,4323.06,4265.11,4336.84,4262.05
7/19/2021,4258.49,4296.4,4296.4,4233.13
7/16/2021,4327.16,4367.43,4375.09,4322.53
7/15/2021,4360.03,4369.02,4369.02,4340.7
7/14/2021,4374.3,4380.11,4393.68,4362.36
7/13/2021,4369.21,4381.07,4392.37,4366.92
7/12/2021,4384.63,4372.41,4386.68,4364.03
7/9/2021,4369.55,4329.38,4371.6,4329.38
7/8/2021,4320.82,4321.07,4330.88,4289.37
7/7/2021,4358.13,4351.01,4361.88,4329.79
7/6/2021,4343.54,4356.46,4356.46,4314.37
7/2/2021,4352.34,4326.6,4355.43,4326.6
7/1/2021,4319.94,4300.73,4320.66,4300.73
6/30/2021,4297.5,4290.65,4302.43,4287.96
6/29/2021,4291.8,4293.21,4300.52,4287.04
6/28/2021,4290.61,4284.9,4292.14,4274.67
6/25/2021,4280.7,4274.45,4286.12,4271.16
6/24/2021,4266.49,4256.97,4271.28,4256.97
6/23/2021,4241.84,4249.27,4256.6,4241.43
6/22/2021,4246.44,4224.61,4255.84,4217.27
6/21/2021,4224.79,4173.4,4226.24,4173.4
6/18/2021,4166.45,4204.78,4204.78,4164.4
6/17/2021,4221.86,4220.37,4232.29,4196.05
6/16/2021,4223.7,4248.87,4251.89,4202.45
6/15/2021,4246.59,4255.28,4257.16,4238.35
6/14/2021,4255.15,4248.31,4255.59,4234.07
6/11/2021,4247.44,4242.9,4248.38,4232.25
6/10/2021,4239.18,4228.56,4249.74,4220.34
6/9/2021,4219.55,4232.99,4237.09,4218.74
6/8/2021,4227.26,4233.81,4236.74,4208.41
6/7/2021,4226.52,4229.34,4232.34,4215.66
6/4/2021,4229.89,4206.05,4233.45,4206.05
6/3/2021,4192.85,4191.43,4204.39,4167.93
6/2/2021,4208.12,4206.82,4217.37,4198.27
6/1/2021,4202.04,4216.52,4234.12,4197.59
5/28/2021,4204.11,4210.77,4218.36,4203.57
5/27/2021,4200.88,4201.94,4213.38,4197.78
5/26/2021,4195.99,4191.59,4202.61,4184.11
5/25/2021,4188.13,4205.94,4213.42,4182.52
5/24/2021,4197.05,4170.16,4209.52,4170.16
5/21/2021,4155.86,4168.61,4188.72,4151.72
5/20/2021,4159.12,4121.97,4172.8,4121.97
5/19/2021,4115.68,4098.45,4116.93,4061.41
5/18/2021,4127.83,4165.94,4169.15,4125.99
5/17/2021,4163.29,4169.92,4171.92,4142.69
5/14/2021,4173.85,4129.58,4183.13,4129.58
5/13/2021,4112.5,4074.99,4131.58,4074.99
5/12/2021,4063.04,4130.55,4134.73,4056.88
5/11/2021,4152.1,4150.34,4162.04,4111.53
5/10/2021,4188.43,4228.29,4236.39,4188.13
5/7/2021,4232.6,4210.34,4238.04,4201.64
5/6/2021,4201.62,4169.14,4202.7,4147.33
5/5/2021,4167.59,4177.06,4187.72,4160.94
5/4/2021,4164.66,4179.04,4179.04,4128.59
5/3/2021,4192.66,4191.98,4209.39,4188.03
4/30/2021,4181.17,4198.1,4198.1,4174.85
4/29/2021,4211.47,4206.14,4218.78,4176.81
4/28/2021,4183.18,4185.14,4201.53,4181.78
4/27/2021,4186.72,4188.25,4193.35,4176.22
4/26/2021,4187.62,4185.03,4194.19,4182.36
4/23/2021,4180.17,4138.78,4194.17,4138.78
4/22/2021,4134.98,4170.46,4179.57,4123.69
4/21/2021,4173.42,4128.42,4175.02,4126.35
4/20/2021,4134.94,4159.18,4159.18,4118.38
4/19/2021,4163.26,4179.8,4180.81,4150.47
4/16/2021,4185.47,4174.14,4191.31,4170.75
4/15/2021,4170.42,4139.76,4173.49,4139.76
4/14/2021,4124.66,4143.25,4151.69,4120.87
4/13/2021,4141.59,4130.1,4148,4124.43
4/12/2021,4127.99,4124.71,4131.76,4114.82
4/9/2021,4128.8,4096.11,4129.48,4095.51
4/8/2021,4097.17,4089.95,4098.19,4082.54
4/7/2021,4079.95,4074.29,4083.13,4068.31
4/6/2021,4073.94,4075.57,4086.23,4068.14
4/5/2021,4077.91,4034.44,4083.42,4034.44
4/1/2021,4019.87,3992.78,4020.63,3992.78
3/31/2021,3972.89,3967.25,3994.41,3966.98
3/30/2021,3958.55,3963.34,3968.01,3944.35
3/29/2021,3971.09,3969.31,3981.83,3943.25
3/26/2021,3974.54,3917.12,3978.19,3917.12
3/25/2021,3909.52,3879.34,3919.54,3853.5
3/24/2021,3889.14,3919.93,3942.08,3889.07
3/23/2021,3910.52,3937.6,3949.13,3901.57
3/22/2021,3940.59,3916.48,3955.31,3914.16
3/19/2021,3913.1,3913.14,3930.12,3886.75
3/18/2021,3915.46,3953.5,3969.62,3910.86
3/17/2021,3974.12,3949.57,3983.87,3935.74
3/16/2021,3962.71,3973.59,3981.04,3953.44
3/15/2021,3968.94,3942.96,3970.08,3923.54
3/12/2021,3943.34,3924.52,3944.99,3915.21
3/11/2021,3939.34,3915.54,3960.27,3915.54
3/10/2021,3898.81,3891.99,3917.35,3885.73
3/9/2021,3875.44,3851.93,3903.76,3851.93
3/8/2021,3821.35,3844.39,3881.06,3819.25
3/5/2021,3841.94,3793.58,3851.69,3730.19
3/4/2021,3768.47,3818.53,3843.67,3723.34
3/3/2021,3819.72,3863.99,3874.47,3818.86
3/2/2021,3870.29,3903.64,3906.41,3868.57
3/1/2021,3901.82,3842.51,3914.5,3842.51
2/26/2021,3811.15,3839.66,3861.08,3789.54
2/25/2021,3829.34,3915.8,3925.02,3814.04
2/24/2021,3925.43,3873.71,3928.65,3859.6
2/23/2021,3881.37,3857.07,3895.98,3805.59
2/22/2021,3876.5,3885.55,3902.92,3874.71
2/19/2021,3906.71,3921.16,3930.41,3903.07
2/18/2021,3913.97,3915.86,3921.98,3885.03
2/17/2021,3931.33,3918.5,3933.61,3900.43
2/16/2021,3932.59,3939.61,3950.43,3923.85
2/12/2021,3934.83,3911.65,3937.23,3905.78
2/11/2021,3916.38,3916.4,3925.99,3890.39
2/10/2021,3909.88,3920.78,3931.5,3884.94
2/9/2021,3911.23,3910.49,3918.35,3902.64
2/8/2021,3915.59,3892.59,3915.77,3892.59
2/5/2021,3886.83,3878.3,3894.56,3874.93
2/4/2021,3871.74,3836.66,3872.42,3836.66
2/3/2021,3830.17,3840.27,3847.51,3816.68
2/2/2021,3826.31,3791.84,3843.09,3791.84
2/1/2021,3773.86,3731.17,3784.32,3725.62
1/29/2021,3714.24,3778.05,3778.05,3694.12
1/28/2021,3787.38,3755.75,3830.5,3755.75
1/27/2021,3750.77,3836.83,3836.83,3732.48
1/26/2021,3849.62,3862.96,3870.9,3847.78
1/25/2021,3855.36,3851.68,3859.23,3797.16
1/22/2021,3841.47,3844.24,3852.31,3830.41
1/21/2021,3853.07,3857.46,3861.45,3845.05
1/20/2021,3851.85,3816.22,3859.75,3816.22
1/19/2021,3798.91,3781.88,3804.53,3780.37
1/15/2021,3768.25,3788.73,3788.73,3749.62
1/14/2021,3795.54,3814.98,3823.6,3792.86
1/13/2021,3809.84,3802.23,3820.96,3791.5
1/12/2021,3801.19,3801.62,3810.78,3776.51
1/11/2021,3799.61,3803.14,3817.86,3789.02
1/8/2021,3824.68,3815.05,3826.69,3783.6
1/7/2021,3803.79,3764.71,3811.55,3764.71
1/6/2021,3748.14,3712.2,3783.04,3705.34
1/5/2021,3726.86,3698.02,3737.83,3695.07
1/4/2021,3700.65,3764.61,3769.99,3662.71
12/31/2020,3756.07,3733.27,3760.2,3726.88
12/30/2020,3732.04,3736.19,3744.63,3730.21
12/29/2020,3727.04,3750.01,3756.12,3723.31
12/28/2020,3735.36,3723.03,3740.51,3723.03
12/24/2020,3703.06,3694.03,3703.82,3689.32
12/23/2020,3690.01,3693.42,3711.24,3689.28
12/22/2020,3687.26,3698.08,3698.26,3676.16
12/21/2020,3694.92,3684.28,3702.9,3636.48
12/18/2020,3709.41,3722.39,3726.7,3685.84
12/17/2020,3722.48,3713.65,3725.12,3710.87
12/16/2020,3701.17,3696.25,3711.27,3688.57
12/15/2020,3694.62,3666.41,3695.29,3659.62
12/14/2020,3647.49,3675.27,3697.61,3645.84
12/11/2020,3663.46,3656.08,3665.91,3633.4
12/10/2020,3668.1,3659.13,3678.49,3645.18
12/9/2020,3672.82,3705.98,3712.39,3660.54
12/8/2020,3702.25,3683.05,3708.45,3678.83
12/7/2020,3691.96,3694.73,3697.41,3678.88
12/4/2020,3699.12,3670.94,3699.2,3670.94
12/3/2020,3666.72,3668.28,3682.73,3657.17
12/2/2020,3669.01,3653.78,3670.96,3644.84
12/1/2020,3662.45,3645.87,3678.45,3645.87
11/30/2020,3621.63,3634.18,3634.18,3594.39
11/27/2020,3638.35,3638.55,3644.31,3629.33
11/25/2020,3629.65,3635.5,3635.5,3617.76
11/24/2020,3635.41,3594.52,3642.31,3594.52
11/23/2020,3577.59,3566.82,3589.81,3552.77
11/20/2020,3557.54,3579.31,3581.23,3556.85
11/19/2020,3581.87,3559.41,3585.22,3543.84
11/18/2020,3567.79,3612.09,3619.09,3567.33
11/17/2020,3609.53,3610.31,3623.11,3588.68
11/16/2020,3626.91,3600.16,3628.51,3600.16
11/13/2020,3585.15,3552.57,3593.66,3552.57
11/12/2020,3537.01,3562.67,3569.02,3518.58
11/11/2020,3572.66,3563.22,3581.16,3557
11/10/2020,3545.53,3543.26,3557.22,3511.91
11/9/2020,3550.5,3583.04,3645.99,3547.48
11/6/2020,3509.44,3508.34,3521.58,3484.34
11/5/2020,3510.45,3485.74,3529.05,3485.74
11/4/2020,3443.44,3406.46,3486.25,3405.17
11/3/2020,3369.02,3336.25,3389.49,3336.25
11/2/2020,3310.24,3296.2,3330.14,3279.74
10/30/2020,3269.96,3293.59,3304.93,3233.94
10/29/2020,3310.11,3277.17,3341.05,3259.82
10/28/2020,3271.03,3342.48,3342.48,3268.89
10/27/2020,3390.68,3403.15,3409.51,3388.71
10/26/2020,3400.97,3441.42,3441.42,3364.86
10/23/2020,3465.39,3464.9,3466.46,3440.45
10/22/2020,3453.49,3438.5,3460.53,3415.34
10/21/2020,3435.56,3439.91,3464.86,3433.06
10/20/2020,3443.12,3439.38,3476.93,3435.65
10/19/2020,3426.92,3493.66,3502.42,3419.93
10/16/2020,3483.81,3493.5,3515.76,3480.45
10/15/2020,3483.34,3453.72,3489.08,3440.89
10/14/2020,3488.67,3515.47,3527.94,3480.55
10/13/2020,3511.93,3534.01,3534.01,3500.86
10/12/2020,3534.22,3500.02,3549.85,3499.61
10/9/2020,3477.13,3459.67,3482.34,3458.07
10/8/2020,3446.83,3434.28,3447.28,3428.15
10/7/2020,3419.45,3384.56,3426.26,3384.56
10/6/2020,3360.95,3408.74,3431.56,3354.54
10/5/2020,3408.63,3367.27,3409.57,3367.27
10/2/2020,3348.44,3338.94,3369.1,3323.69
10/1/2020,3380.8,3385.87,3397.18,3361.39
9/30/2020,3363,3341.21,3393.56,3340.47
9/29/2020,3335.47,3350.92,3357.92,3327.54
9/28/2020,3351.6,3333.9,3360.74,3332.91
9/25/2020,3298.46,3236.66,3306.88,3228.44
9/24/2020,3246.59,3226.14,3278.7,3209.45
9/23/2020,3236.92,3320.11,3323.35,3232.57
9/22/2020,3315.57,3295.75,3320.31,3270.95
9/21/2020,3281.06,3285.57,3285.57,3229.1
9/18/2020,3319.47,3357.38,3362.27,3292.4
9/17/2020,3357.01,3346.86,3375.17,3328.82
9/16/2020,3385.49,3411.23,3428.92,3384.45
9/15/2020,3401.2,3407.73,3419.48,3389.25
9/14/2020,3383.54,3363.56,3402.93,3363.56
9/11/2020,3340.97,3352.7,3368.95,3310.47
9/10/2020,3339.19,3412.56,3425.55,3329.25
9/9/2020,3398.96,3369.82,3424.77,3366.84
9/8/2020,3331.84,3371.88,3379.97,3329.27
9/4/2020,3426.96,3453.6,3479.15,3349.63
9/3/2020,3455.06,3564.74,3564.85,3427.41
9/2/2020,3580.84,3543.76,3588.11,3535.23
9/1/2020,3526.65,3507.44,3528.03,3494.6
8/31/2020,3500.31,3509.73,3514.77,3493.25
8/28/2020,3508.01,3494.69,3509.23,3484.32
8/27/2020,3484.55,3485.14,3501.38,3468.35
8/26/2020,3478.73,3449.97,3481.07,3444.15
8/25/2020,3443.62,3435.95,3444.21,3425.84
8/24/2020,3431.28,3418.09,3432.09,3413.13
8/21/2020,3397.16,3386.01,3399.96,3379.31
8/20/2020,3385.51,3360.48,3390.8,3354.69
8/19/2020,3374.85,3392.51,3399.54,3369.66
8/18/2020,3389.78,3387.04,3395.06,3370.15
8/17/2020,3381.99,3380.86,3387.59,3379.22
8/14/2020,3372.85,3368.66,3378.51,3361.64
8/13/2020,3373.43,3372.95,3387.24,3363.35
8/12/2020,3380.35,3355.46,3387.89,3355.46
8/11/2020,3333.69,3370.34,3381.01,3326.44
8/10/2020,3360.47,3356.04,3363.29,3335.44
8/7/2020,3351.28,3340.05,3352.54,3328.72
8/6/2020,3349.16,3323.17,3351.03,3318.14
8/5/2020,3327.77,3317.37,3330.77,3317.37
8/4/2020,3306.51,3296.6,3306.84,3286.37
8/3/2020,3294.61,3288.26,3302.73,3284.53
7/31/2020,3271.12,3270.45,3272.17,3220.26
7/30/2020,3246.22,3231.76,3250.92,3204.13
7/29/2020,3258.44,3227.22,3264.74,3227.22
7/28/2020,3218.44,3234.27,3243.72,3216.17
7/27/2020,3239.41,3219.84,3241.43,3214.25
7/24/2020,3215.63,3218.58,3227.26,3200.05
7/23/2020,3235.66,3271.64,3279.99,3222.66
7/22/2020,3276.02,3254.86,3279.32,3253.1
7/21/2020,3257.3,3268.52,3277.29,3247.77
7/20/2020,3251.84,3224.29,3258.61,3215.16
7/17/2020,3224.73,3224.21,3233.52,3205.65
7/16/2020,3215.57,3208.36,3220.39,3198.59
7/15/2020,3226.56,3225.98,3238.28,3200.76
7/14/2020,3197.52,3141.11,3200.95,3127.66
7/13/2020,3155.22,3205.08,3235.32,3149.43
7/10/2020,3185.04,3152.47,3186.82,3136.22
7/9/2020,3152.05,3176.17,3179.78,3115.7
7/8/2020,3169.94,3153.07,3171.8,3136.53
7/7/2020,3145.32,3166.44,3184.15,3142.93
7/6/2020,3179.72,3155.29,3182.59,3155.29
7/2/2020,3130.01,3143.64,3165.81,3124.52
7/1/2020,3115.86,3105.92,3128.44,3101.17
6/30/2020,3100.29,3050.2,3111.51,3047.83
6/29/2020,3053.24,3018.59,3053.89,2999.74
6/26/2020,3009.05,3073.2,3073.73,3004.63
6/25/2020,3083.76,3046.6,3086.25,3024.01
6/24/2020,3050.33,3114.4,3115.01,3032.13
6/23/2020,3131.29,3138.7,3154.9,3127.12
6/22/2020,3117.86,3094.42,3120.92,3079.39
6/19/2020,3097.74,3140.29,3155.53,3083.11
6/18/2020,3115.34,3101.64,3120,3093.51
6/17/2020,3113.49,3136.13,3141.16,3108.03
6/16/2020,3124.74,3131,3153.45,3076.06
6/15/2020,3066.59,2993.76,3079.76,2965.66
6/12/2020,3041.31,3071.04,3088.42,2984.47
6/11/2020,3002.1,3123.53,3123.53,2999.49
6/10/2020,3190.14,3213.42,3223.27,3181.49
6/9/2020,3207.18,3213.32,3222.71,3193.11
6/8/2020,3232.39,3199.92,3233.13,3196
6/5/2020,3193.93,3163.84,3211.72,3163.84
6/4/2020,3112.35,3111.56,3128.91,3090.41
6/3/2020,3122.87,3098.9,3130.94,3098.9
6/2/2020,3080.82,3064.78,3081.07,3051.64
6/1/2020,3055.73,3038.78,3062.18,3031.54
5/29/2020,3044.31,3025.17,3049.17,2998.61
5/28/2020,3029.73,3046.61,3068.67,3023.4
5/27/2020,3036.13,3015.65,3036.25,2969.75
5/26/2020,2991.77,3004.08,3021.72,2988.17
5/22/2020,2955.45,2948.05,2956.76,2933.59
5/21/2020,2948.51,2969.95,2978.5,2938.57
5/20/2020,2971.61,2953.63,2980.29,2953.63
5/19/2020,2922.94,2948.59,2964.21,2922.35
5/18/2020,2953.91,2913.86,2968.09,2913.86
5/15/2020,2863.7,2829.95,2865.01,2816.78
5/14/2020,2852.5,2794.54,2852.8,2766.64
5/13/2020,2820,2865.86,2874.14,2793.15
5/12/2020,2870.12,2939.5,2945.82,2869.59
5/11/2020,2930.32,2915.46,2944.25,2903.44
5/8/2020,2929.8,2908.83,2932.16,2902.88
5/7/2020,2881.19,2878.26,2901.92,2876.48
5/6/2020,2848.42,2883.14,2891.11,2847.65
5/5/2020,2868.44,2868.88,2898.23,2863.55
5/4/2020,2842.74,2815.01,2844.24,2797.85
5/1/2020,2830.71,2869.09,2869.09,2821.61
4/30/2020,2912.43,2930.91,2930.91,2892.47
4/29/2020,2939.51,2918.46,2954.86,2912.16
4/28/2020,2863.39,2909.96,2921.15,2860.71
4/27/2020,2878.48,2854.65,2887.72,2852.89
4/24/2020,2836.74,2812.64,2842.71,2791.76
4/23/2020,2797.8,2810.42,2844.9,2794.26
4/22/2020,2799.31,2787.89,2815.1,2775.95
4/21/2020,2736.56,2784.81,2785.54,2727.1
4/20/2020,2823.16,2845.62,2868.98,2820.43
4/17/2020,2874.56,2842.43,2879.22,2830.88
4/16/2020,2799.55,2799.34,2806.51,2764.32
4/15/2020,2783.36,2795.64,2801.88,2761.54
4/14/2020,2846.06,2805.1,2851.85,2805.1
4/13/2020,2761.63,2782.46,2782.46,2721.17
4/9/2020,2789.82,2776.99,2818.57,2762.36
4/8/2020,2749.98,2685,2760.75,2663.3
4/7/2020,2659.41,2738.65,2756.89,2657.67
4/6/2020,2663.68,2578.28,2676.85,2574.57
4/3/2020,2488.65,2514.92,2538.18,2459.96
4/2/2020,2526.9,2458.54,2533.22,2455.79
4/1/2020,2470.5,2498.08,2522.75,2447.49
3/31/2020,2584.59,2614.69,2641.39,2571.15
3/30/2020,2626.65,2558.98,2631.8,2545.28
3/27/2020,2541.47,2555.87,2615.91,2520.02
3/26/2020,2630.07,2501.29,2637.01,2500.72
3/25/2020,2475.56,2457.77,2571.42,2407.53
3/24/2020,2447.33,2344.44,2449.71,2344.44
3/23/2020,2237.4,2290.71,2300.73,2191.86
3/20/2020,2304.92,2431.94,2453.01,2295.56
3/19/2020,2409.39,2393.48,2466.97,2319.78
3/18/2020,2398.1,2436.5,2453.57,2280.52
3/17/2020,2529.19,2425.66,2553.93,2367.04
3/16/2020,2386.13,2508.59,2562.98,2380.94
3/13/2020,2711.02,2569.99,2711.33,2492.37
3/12/2020,2480.64,2630.86,2660.95,2478.86
3/11/2020,2741.38,2825.6,2825.6,2707.22
3/10/2020,2882.23,2813.48,2882.59,2734
3/9/2020,2746.56,2863.89,2863.89,2734.43
3/6/2020,2972.37,2954.2,2985.93,2901.54
3/5/2020,3023.94,3075.7,3083.04,2999.83
3/4/2020,3130.12,3045.75,3130.97,3034.38
3/3/2020,3003.37,3096.46,3136.72,2976.63
3/2/2020,3090.23,2974.28,3090.96,2945.19
2/28/2020,2954.22,2916.9,2959.72,2855.84
2/27/2020,2978.76,3062.54,3097.07,2977.39
2/26/2020,3116.39,3139.9,3182.51,3108.99
2/25/2020,3128.21,3238.94,3246.99,3118.77
2/24/2020,3225.89,3257.61,3259.81,3214.65
2/21/2020,3337.75,3360.5,3360.76,3328.45
2/20/2020,3373.23,3380.45,3389.15,3341.02
2/19/2020,3386.15,3380.39,3393.52,3378.83
2/18/2020,3370.29,3369.04,3375.01,3355.61
2/14/2020,3380.16,3378.08,3380.69,3366.15
2/13/2020,3373.94,3365.9,3385.09,3360.52
2/12/2020,3379.45,3370.5,3381.47,3369.72
2/11/2020,3357.75,3365.87,3375.63,3352.72
2/10/2020,3352.09,3318.28,3352.26,3317.77
2/7/2020,3327.71,3335.54,3341.42,3322.12
2/6/2020,3345.78,3344.92,3347.96,3334.39
2/5/2020,3334.69,3324.91,3337.58,3313.75
2/4/2020,3297.59,3280.61,3306.92,3280.61
2/3/2020,3248.92,3235.66,3268.44,3235.66
1/31/2020,3225.52,3282.33,3282.33,3214.68
1/30/2020,3283.66,3256.45,3285.91,3242.8
1/29/2020,3273.4,3289.46,3293.47,3271.89
1/28/2020,3276.24,3255.35,3285.78,3253.22
1/27/2020,3243.63,3247.16,3258.85,3234.5
1/24/2020,3295.47,3333.1,3333.18,3281.53
1/23/2020,3325.54,3315.77,3326.88,3301.87
1/22/2020,3321.75,3330.02,3337.77,3320.04
1/21/2020,3320.79,3321.03,3329.79,3316.61
1/17/2020,3329.62,3323.66,3329.88,3318.86
1/16/2020,3316.81,3302.97,3317.11,3302.82
1/15/2020,3289.29,3282.27,3298.66,3280.69
1/14/2020,3283.15,3285.35,3294.25,3277.19
1/13/2020,3288.13,3271.13,3288.13,3268.43
1/10/2020,3265.35,3281.81,3282.99,3260.86
1/9/2020,3274.7,3266.03,3275.58,3263.67
1/8/2020,3253.05,3238.59,3267.07,3236.67
1/7/2020,3237.18,3241.86,3244.91,3232.43
1/6/2020,3246.28,3217.55,3246.84,3214.64
1/3/2020,3234.85,3226.36,3246.15,3222.34
1/2/2020,3257.85,3244.67,3258.14,3235.53
12/31/2019,3230.78,3215.18,3231.72,3212.03
12/30/2019,3221.29,3240.09,3240.92,3216.57
12/27/2019,3240.02,3247.23,3247.93,3234.37
12/26/2019,3239.91,3227.2,3240.08,3227.2
12/24/2019,3223.38,3225.45,3226.43,3220.51
12/23/2019,3224.01,3226.05,3227.78,3222.3
12/20/2019,3221.22,3223.33,3225.65,3216.03
12/19/2019,3205.37,3192.32,3205.48,3192.32
12/18/2019,3191.14,3195.21,3198.48,3191.14
12/17/2019,3192.52,3195.4,3198.22,3191.03
12/16/2019,3191.45,3183.63,3197.71,3183.63
12/13/2019,3168.8,3166.65,3182.68,3156.51
12/12/2019,3168.57,3141.23,3176.28,3138.47
12/11/2019,3141.63,3135.75,3143.98,3133.21
12/10/2019,3132.52,3135.36,3142.12,3126.09
12/9/2019,3135.96,3141.86,3148.87,3135.46
12/6/2019,3145.91,3134.62,3150.6,3134.62
12/5/2019,3117.43,3119.21,3119.45,3103.76
12/4/2019,3112.76,3103.5,3119.38,3102.53
12/3/2019,3093.2,3087.41,3094.97,3070.33
12/2/2019,3113.87,3143.85,3144.31,3110.78
11/29/2019,3140.98,3147.18,3150.3,3139.34
11/27/2019,3153.63,3145.49,3154.26,3143.41
11/26/2019,3140.52,3134.85,3142.69,3131
11/25/2019,3133.64,3117.44,3133.83,3117.44
11/22/2019,3110.29,3111.41,3112.87,3099.26
11/21/2019,3103.54,3108.49,3110.11,3094.55
11/20/2019,3108.46,3114.66,3118.97,3091.41
11/19/2019,3120.18,3127.45,3127.64,3113.47
11/18/2019,3122.03,3117.91,3124.17,3112.06
11/15/2019,3120.46,3107.92,3120.46,3104.6
11/14/2019,3096.63,3090.75,3098.2,3083.26
11/13/2019,3094.04,3084.18,3098.06,3078.8
11/12/2019,3091.84,3089.28,3102.61,3084.73
11/11/2019,3087.01,3080.33,3088.33,3075.82
11/8/2019,3093.08,3081.25,3093.09,3073.58
11/7/2019,3085.18,3087.02,3097.77,3080.23
11/6/2019,3076.78,3075.1,3078.34,3065.89
11/5/2019,3074.62,3080.8,3083.95,3072.15
11/4/2019,3078.27,3078.96,3085.2,3074.87
11/1/2019,3066.91,3050.72,3066.95,3050.72
10/31/2019,3037.56,3046.9,3046.9,3023.19
10/30/2019,3046.77,3039.74,3050.1,3025.96
10/29/2019,3036.89,3035.39,3047.87,3034.81
10/28/2019,3039.42,3032.12,3044.08,3032.12
10/25/2019,3022.55,3003.32,3027.39,3001.94
10/24/2019,3010.29,3014.78,3016.07,3000.42
10/23/2019,3004.52,2994.01,3004.78,2991.21
10/22/2019,2995.99,3010.73,3014.57,2995.04
10/21/2019,3006.72,2996.48,3007.33,2995.35
10/18/2019,2986.2,2996.84,3000,2976.31
10/17/2019,2997.95,3000.77,3008.29,2991.79
10/16/2019,2989.69,2989.68,2997.54,2985.2
10/15/2019,2995.68,2973.61,3003.28,2973.61
10/14/2019,2966.15,2965.81,2972.84,2962.94
10/11/2019,2970.27,2963.07,2993.28,2963.07
10/10/2019,2938.13,2918.55,2948.46,2917.12
10/9/2019,2919.4,2911.1,2929.32,2907.41
10/8/2019,2893.06,2920.4,2925.47,2892.66
10/7/2019,2938.79,2944.23,2959.75,2935.68
10/4/2019,2952.01,2918.56,2953.74,2918.56
10/3/2019,2910.63,2885.38,2911.13,2855.94
10/2/2019,2887.61,2924.78,2924.78,2874.93
10/1/2019,2940.25,2983.69,2992.53,2938.7
9/30/2019,2976.74,2967.07,2983.85,2967.07
9/27/2019,2961.79,2985.47,2987.31,2945.53
9/26/2019,2977.62,2985.73,2987.28,2963.71
9/25/2019,2984.87,2968.35,2989.82,2952.86
9/24/2019,2966.6,3002.43,3007.98,2957.73
9/23/2019,2991.78,2983.5,2999.15,2982.23
9/20/2019,2992.07,3008.42,3016.37,2984.68
9/19/2019,3006.79,3010.36,3021.99,3003.16
9/18/2019,3006.73,3001.5,3007.83,2978.57
9/17/2019,3005.7,2995.67,3006.21,2993.73
9/16/2019,2997.96,2996.41,3002.19,2990.67
9/13/2019,3007.39,3012.21,3017.33,3002.9
9/12/2019,3009.57,3009.08,3020.74,3000.92
9/11/2019,3000.93,2981.41,3000.93,2975.31
9/10/2019,2979.39,2971.01,2979.39,2957.01
9/9/2019,2978.43,2988.43,2989.43,2969.39
9/6/2019,2978.71,2980.33,2985.03,2972.51
9/5/2019,2976,2960.6,2985.86,2960.6
9/4/2019,2937.78,2924.67,2938.84,2921.86
9/3/2019,2906.27,2909.01,2914.39,2891.85
8/30/2019,2926.46,2937.09,2940.43,2913.32
8/29/2019,2924.58,2910.37,2930.5,2905.67
8/28/2019,2887.94,2861.28,2890.03,2853.05
8/27/2019,2869.16,2893.14,2898.79,2860.59
8/26/2019,2878.38,2866.7,2879.27,2856
8/23/2019,2847.11,2911.07,2927.01,2834.97
8/22/2019,2922.95,2930.94,2939.08,2904.51
8/21/2019,2924.43,2922.04,2928.73,2917.91
8/20/2019,2900.51,2919.01,2923.63,2899.6
8/19/2019,2923.65,2913.48,2931,2913.48
8/16/2019,2888.68,2864.74,2893.63,2864.74
8/15/2019,2847.6,2846.2,2856.67,2825.51
8/14/2019,2840.6,2894.15,2894.15,2839.64
8/13/2019,2926.32,2880.72,2943.31,2877.05
8/12/2019,2883.09,2907.07,2907.58,2873.14
8/9/2019,2918.65,2930.51,2935.75,2900.15
8/8/2019,2938.09,2896.21,2938.72,2894.47
8/7/2019,2883.98,2858.65,2892.17,2825.71
8/6/2019,2881.77,2861.18,2884.4,2847.42
8/5/2019,2844.74,2898.07,2898.07,2822.12
8/2/2019,2932.05,2943.9,2945.5,2914.11
8/1/2019,2953.56,2980.32,3013.59,2945.23
7/31/2019,2980.38,3016.22,3017.4,2958.08
7/30/2019,3013.18,3007.66,3017.19,3000.94
7/29/2019,3020.97,3024.47,3025.61,3014.3
7/26/2019,3025.86,3013.25,3027.98,3012.59
7/25/2019,3003.67,3016.26,3016.31,2997.24
7/24/2019,3019.56,2998.77,3019.59,2996.82
7/23/2019,3005.47,2994.74,3005.9,2988.56
7/22/2019,2985.03,2981.93,2990.71,2976.65
7/19/2019,2976.61,3004.26,3006.02,2975.86
7/18/2019,2995.11,2978.87,2998.28,2973.09
7/17/2019,2984.42,3005.1,3005.26,2984.25
7/16/2019,3004.04,3012.13,3015.02,3001.15
7/15/2019,3014.3,3017.8,3017.8,3008.77
7/12/2019,3013.77,3003.36,3013.92,3001.87
7/11/2019,2999.91,2999.62,3002.33,2988.8
7/10/2019,2993.07,2989.3,3002.98,2984.62
7/9/2019,2979.63,2965.52,2981.9,2963.44
7/8/2019,2975.95,2979.77,2980.76,2970.09
7/5/2019,2990.41,2984.25,2994.03,2967.97
7/3/2019,2995.82,2978.08,2995.84,2977.96
7/2/2019,2973.01,2964.66,2973.21,2955.92
7/1/2019,2964.33,2971.41,2977.93,2952.22
6/28/2019,2941.76,2932.94,2943.98,2929.05
6/27/2019,2924.92,2919.66,2929.3,2918.57
6/26/2019,2913.78,2926.07,2932.59,2912.99
6/25/2019,2917.38,2945.78,2946.52,2916.01
6/24/2019,2945.35,2951.42,2954.92,2944.05
6/21/2019,2950.46,2952.71,2964.15,2946.87
6/20/2019,2954.18,2949.6,2958.06,2931.5
6/19/2019,2926.46,2920.55,2931.74,2911.43
6/18/2019,2917.75,2906.71,2930.79,2905.44
6/17/2019,2889.67,2889.75,2897.27,2887.3
6/14/2019,2886.98,2886.82,2894.45,2879.62
6/13/2019,2891.64,2886.24,2895.24,2881.99
6/12/2019,2879.84,2882.73,2888.57,2874.68
6/11/2019,2885.72,2903.27,2910.61,2878.53
6/10/2019,2886.73,2885.83,2904.77,2885.51
6/7/2019,2873.34,2852.87,2884.97,2852.87
6/6/2019,2843.49,2828.51,2852.1,2822.45
6/5/2019,2826.15,2818.09,2827.28,2800.92
6/4/2019,2803.27,2762.64,2804.49,2762.64
6/3/2019,2744.45,2751.53,2763.07,2728.81
5/31/2019,2752.06,2766.15,2768.98,2750.52
5/30/2019,2788.86,2786.94,2799,2776.74
5/29/2019,2783.02,2790.25,2792.03,2766.06
5/28/2019,2802.39,2830.03,2840.51,2801.58
5/24/2019,2826.06,2832.41,2841.36,2820.19
5/23/2019,2822.24,2836.7,2836.7,2805.49
5/22/2019,2856.27,2856.06,2865.47,2851.11
5/21/2019,2864.36,2854.02,2868.88,2854.02
5/20/2019,2840.23,2841.94,2853.86,2831.29
5/17/2019,2859.53,2858.6,2885.48,2854.23
5/16/2019,2876.32,2855.8,2892.15,2855.8
5/15/2019,2850.96,2820.38,2858.68,2815.08
5/14/2019,2834.41,2820.12,2852.54,2820.12
5/13/2019,2811.87,2840.19,2840.19,2801.43
5/10/2019,2881.4,2863.1,2891.31,2825.39
5/9/2019,2870.72,2859.84,2875.97,2836.4
5/8/2019,2879.42,2879.61,2897.96,2873.28
